,sum_tx_ether,avg_tx_gas_cost,tx_date
0,8246871.766893768,0.0005370300954870816,2018-01-01
1,13984780.926949734,0.0005844979818264066,2018-01-02
2,13975588.850788375,0.0006050748915710921,2018-01-03
3,20231765.93566031,0.0007000256320466568,2018-01-04
4,18517692.860819343,0.0019254378470613999,2018-01-05
5,15408042.88593904,0.0022103026388330892,2018-01-06
6,12280545.090079933,0.001739841440981447,2018-01-07
7,15139541.826477325,0.0016744026652095465,2018-01-08
8,16112970.392687801,0.0017250293125721584,2018-01-09
9,17355909.47391771,0.002173242523414813,2018-01-10
10,15772247.562387038,0.0018852876517799631,2018-01-11
11,12472386.05879626,0.0013675887944438656,2018-01-12
12,9561006.538088843,0.0013978957181306538,2018-01-13
13,24861277.0353925,0.0013943065909801213,2018-01-14
14,11704519.642005835,0.0012151024618073207,2018-01-15
15,15168854.432647694,0.0012145476536022672,2018-01-16
16,15950849.38954755,0.0011666649582774908,2018-01-17
17,13779769.252634067,0.0012426227641925691,2018-01-18
18,9096520.529717468,0.0012226852880739144,2018-01-19
19,7790457.6143710185,0.0011539398691394755,2018-01-20
20,7450336.949831599,0.000935325192065736,2018-01-21
21,8920002.274098584,0.0008079977599731652,2018-01-22
22,8578638.972667525,0.001065103008195527,2018-01-23
23,8604385.354299322,0.0009389657010978442,2018-01-24
24,4092420.097746192,0.0008511263177400695,2018-01-25
25,9954273.002890501,0.000658623737085015,2018-01-26
26,6416871.419223534,0.0006546273772727772,2018-01-27
27,7312187.543349573,0.0006632468267441529,2018-01-28
28,7892582.050352365,0.0010180094987658809,2018-01-29
29,8481103.874213908,0.0007153491191741066,2018-01-30
30,8212693.658043198,0.0007249318130047791,2018-01-31
31,8200733.649844402,0.0011484730278095902,2018-02-01
32,11082934.02142944,0.0008238593755950371,2018-02-02
33,6208386.111638043,0.0007323630747457763,2018-02-03
34,5076337.723702175,0.0007114998519783419,2018-02-04
35,7179105.0350156175,0.0006456751404396113,2018-02-05
36,8902173.685209177,0.0006662676251861743,2018-02-06
37,7027555.596498499,0.0007326291872132242,2018-02-07
38,3635216.1765215816,0.0007232179928072921,2018-02-08
39,5142893.275932258,0.0006051655902353268,2018-02-09
40,5766600.724660801,0.0005993450863258709,2018-02-10
41,3987316.537029082,0.0005824445160547447,2018-02-11
42,4653423.516596992,0.0005420866540573463,2018-02-12
43,6433856.129383156,0.0006466424426497735,2018-02-13
44,4876279.377199785,0.0005818217670968129,2018-02-14
45,5489301.962794719,0.0005478635368514513,2018-02-15
46,4344207.168443986,0.0005703693411796387,2018-02-16
47,4186708.3350973306,0.0005432783227541435,2018-02-17
48,4141648.8565584095,0.000801843231553785,2018-02-18
49,3802703.324134883,0.0005297715224269661,2018-02-19
50,4442304.05816548,0.0005869119865240936,2018-02-20
51,4335416.283588833,0.0006340181854922934,2018-02-21
52,5659533.982455063,0.0004969442072702173,2018-02-22
53,3150036.564186494,0.0005499396428196793,2018-02-23
54,2905636.6442365223,0.0004920708038085055,2018-02-24
55,1878329.0024117932,0.00044644154683254165,2018-02-25
56,2456218.2998216194,0.0004418694916519979,2018-02-26
57,1540123.4026573482,0.0004568410862471551,2018-02-27
58,1551727.5739207375,0.0006167062922822828,2018-02-28
59,1689000.6473261775,0.0005275935979523195,2018-03-01
60,1547301.1593776487,0.00049285205648197,2018-03-02
61,1035427.1998801138,0.0004421892880164087,2018-03-03
62,1071434.901083772,0.0004889281006365968,2018-03-04
63,1567458.997728906,0.0005173302783931934,2018-03-05
64,1949002.7435601878,0.0004846603178097404,2018-03-06
65,1985044.3004576892,0.0004743410610325176,2018-03-07
66,1670820.2591000928,0.00045283278556256196,2018-03-08
67,1814202.3180731693,0.00042514380105210394,2018-03-09
68,1139674.16890173,0.00036136732638698707,2018-03-10
69,1088366.0078719,0.00035232931004404753,2018-03-11
70,1482274.7120323759,0.000524128405923372,2018-03-12
71,2723347.712106914,0.0003450425957938038,2018-03-13
72,1921541.1940214504,0.0003315264500174848,2018-03-14
73,1877798.7933954361,0.00034217869241592885,2018-03-15
74,1384522.7055704365,0.0004371642436764215,2018-03-16
75,1232063.3331016328,0.00031263777883709236,2018-03-17
76,2858521.7167454767,0.0003367182967265032,2018-03-18
77,2326664.105930309,0.0003210459198589506,2018-03-19
78,1897261.0490999648,0.0003615550235992486,2018-03-20
79,1772810.1043026645,0.00034268981594243804,2018-03-21
80,1544254.0184307182,0.0003034411148531516,2018-03-22
81,2018629.2965113893,0.0003227982679699214,2018-03-23
82,1189319.1455477313,0.00028859084897474307,2018-03-24
83,987629.576251128,0.0003209998674499858,2018-03-25
84,1951229.4646746963,0.00047404066700225617,2018-03-26
85,2481780.829700286,0.00034580345137216355,2018-03-27
86,2459366.658445449,0.00036085362284592084,2018-03-28
87,2564299.5040275687,0.00038435624037644843,2018-03-29
88,2317808.459750346,0.0003183425475526359,2018-03-30
89,1493715.2353590962,0.0003000729726256559,2018-03-31
90,1251787.12738397,0.00028807629789252484,2018-04-01
91,1422843.1149099036,0.00033208429689325376,2018-04-02
92,1664784.1832102682,0.0003497315492790145,2018-04-03
93,1566497.016309736,0.00029521135162501836,2018-04-04
94,1293412.713677817,0.00032582376155583645,2018-04-05
95,1314358.9484177614,0.00035916395293980694,2018-04-06
96,878699.1340245884,0.00026897288130926447,2018-04-07
97,1247456.4572642515,0.0002852200240690046,2018-04-08
98,1555552.0570390448,0.0002975604493311204,2018-04-09
99,1260567.5196101698,0.0003066948407443241,2018-04-10
100,1482225.9384352523,0.0003108350459841264,2018-04-11
101,2261830.7557792896,0.00032524626441445193,2018-04-12
102,2219429.5937577626,0.0003969187380350479,2018-04-13
103,967023.4876263143,0.00029383342364586596,2018-04-14
104,1166777.5830748172,0.0002998339033707749,2018-04-15
105,1392437.2207704217,0.0003120052087039696,2018-04-16
106,1442209.1655392835,0.0003315614992041643,2018-04-17
107,1727539.2671167534,0.00044184654760178756,2018-04-18
108,1806905.508959238,0.0003531124615126602,2018-04-19
109,2167484.410048432,0.00032744766909531905,2018-04-20
110,1696708.5217554753,0.00027647349206904627,2018-04-21
111,1256723.97639391,0.00028980715918350915,2018-04-22
112,3082879.5843546214,0.0002922394121823491,2018-04-23
113,2711941.5664297845,0.000339242553047176,2018-04-24
114,2514647.2252238356,0.00036489298814151324,2018-04-25
115,2021247.4365179124,0.0003659661277294681,2018-04-26
116,2100701.052703398,0.00038125785289617233,2018-04-27
117,1790756.783740612,0.00051075841052179,2018-04-28
118,1655556.928696945,0.0003873665189157173,2018-04-29
119,2006053.658814,0.00039485957708679627,2018-04-30
120,1872994.4669235877,0.000371110903508289,2018-05-01
121,2661127.391736343,0.00037406020773581494,2018-05-02
122,2697762.454017665,0.00042928983997245153,2018-05-03
123,2547802.018972471,0.00032220749292290684,2018-05-04
124,1734444.4930975395,0.00033693125255713303,2018-05-05
125,1525061.506134181,0.0003410686673237847,2018-05-06
126,2952580.453824591,0.00036947594743549694,2018-05-07
127,2103100.4908100474,0.0004685990819578414,2018-05-08
128,2228353.4990447806,0.00038599006731004166,2018-05-09
129,2138241.3424672717,0.00045753506798685564,2018-05-10
130,2186589.09412898,0.0004638788224889866,2018-05-11
131,1601913.4718126974,0.0003418325840288885,2018-05-12
132,1184466.056201594,0.0003633805485445732,2018-05-13
133,2165358.8605955727,0.0004591562736414603,2018-05-14
134,1968181.7677060408,0.0004720777275586942,2018-05-15
135,1665863.2245438807,0.0004378945656835535,2018-05-16
136,1691786.5432167049,0.0005582698488488734,2018-05-17
137,1647457.2606967052,0.00046298341284397334,2018-05-18
138,1207288.6160236287,0.0004685640629045918,2018-05-19
139,1261890.3125677188,0.00044982631714368904,2018-05-20
140,1645205.023983744,0.00044214616865501707,2018-05-21
141,2198135.8337459406,0.0005025951551473045,2018-05-22
142,2637955.8908370603,0.0005036391830094959,2018-05-23
143,2111247.6265153484,0.00047512881281695313,2018-05-24
144,1806529.2398356502,0.00045192782445465957,2018-05-25
145,1325047.548929548,0.00042419783399746074,2018-05-26
146,1951701.060990201,0.0003914366331017344,2018-05-27
147,2726108.4232228925,0.0006262988469296598,2018-05-28
148,2233893.8018743703,0.0005540880426269812,2018-05-29
149,2167069.964342796,0.0005474913614634636,2018-05-30
150,2251989.7315889066,0.0006687442609623276,2018-05-31
151,2466518.9593647653,0.0005484052505049839,2018-06-01
152,1295498.7464347563,0.00043709655996754487,2018-06-02
153,1109595.6870460846,0.00046117395706668263,2018-06-03
154,2020020.2042240018,0.0004802614697747689,2018-06-04
155,2063615.803431364,0.00043443085555882504,2018-06-05
156,2221649.2754834527,0.0008688463771977143,2018-06-06
157,2135223.5505804378,0.00041499299485079716,2018-06-07
158,2312978.125404918,0.0004182834843623166,2018-06-08
159,1182150.480183257,0.00035809700596343486,2018-06-09
160,1793955.2769868823,0.00033279870632260585,2018-06-10
161,2169991.763424726,0.0003818920708988921,2018-06-11
162,2971009.4391938187,0.0003778647754937287,2018-06-12
163,4094425.732877753,0.0003708979727745116,2018-06-13
164,4071114.5601491695,0.000403304749713564,2018-06-14
165,3583592.874791646,0.0004938942375682247,2018-06-15
166,1560524.4422626256,0.0005423265624312345,2018-06-16
167,1180547.8486641624,0.0003024965683992171,2018-06-17
168,1587545.31182853,0.00031524555538171655,2018-06-18
169,1898783.8409538984,0.00037795091652956063,2018-06-19
170,2069299.210586414,0.00038872438221101334,2018-06-20
171,1858688.6457281683,0.00036181212001920056,2018-06-21
172,2399174.0685958867,0.0013137424773312066,2018-06-22
173,1286333.0579292506,0.0004378520779716336,2018-06-23
174,1961037.7643059776,0.000794699842830651,2018-06-24
175,2341214.475273218,0.00043320193870221283,2018-06-25
176,1938246.5028383248,0.00033154272754321436,2018-06-26
177,1929459.7906681485,0.0003620086894688205,2018-06-27
178,1798527.457829202,0.000316599079044747,2018-06-28
179,2164499.2241458357,0.00032832805450067255,2018-06-29
180,1241162.0228109814,0.0017057636308506065,2018-06-30
181,1003347.2394196377,0.004506376537175603,2018-07-01
182,1415994.6055093852,0.0064263256390540155,2018-07-02
183,1798984.739007918,0.0023024657377157354,2018-07-03
184,1538092.4437413875,0.0015046681975323726,2018-07-04
185,1647151.9656526041,0.0028788596659281122,2018-07-05
186,1577459.37758411,0.0027831180395658864,2018-07-06
187,1113998.6735272002,0.0031351672872549654,2018-07-07
188,1266990.5462047285,0.0012899483533330796,2018-07-08
189,1746033.2323999812,0.0007151465637552183,2018-07-09
190,1909398.1365593323,0.0005849875046146245,2018-07-10
191,1421665.008123359,0.0005168447598000551,2018-07-11
192,1301796.7017498447,0.0013735585672419817,2018-07-12
193,1244802.6900742538,0.0010831979418654363,2018-07-13
194,928250.9189194408,0.0019417524710659748,2018-07-14
195,791323.1082008161,0.0021411708486159292,2018-07-15
196,1725691.4064534798,0.0005114335276505432,2018-07-16
197,1782185.520990894,0.0004988555665915886,2018-07-17
198,2032264.988600388,0.0004118894227204942,2018-07-18
199,1656943.313259797,0.000359247514164646,2018-07-19
200,1761749.8132939243,0.0005005784189313104,2018-07-20
201,1080940.2363360734,0.0006086030119715427,2018-07-21
202,1035506.8363569609,0.0003910392849587681,2018-07-22
203,1632071.2478026184,0.000505193394289445,2018-07-23
204,1728484.8495333912,0.00046632581940184273,2018-07-24
205,1523545.5796294902,0.0003965970464052533,2018-07-25
206,1234900.7511080126,0.0003427932609494989,2018-07-26
207,1356770.748029713,0.0003332471678156949,2018-07-27
208,792645.6394084345,0.000709058708495564,2018-07-28
209,766821.137078706,0.0003305059567683102,2018-07-29
210,1554060.6421197206,0.00034644875195821495,2018-07-30
211,2837677.1344309663,0.00033200417673729814,2018-07-31
212,1512552.9518137523,0.0014742465774433414,2018-08-01
213,1585631.317525184,0.00033303666583633674,2018-08-02
214,1317535.9067271901,0.000313191092021903,2018-08-03
215,946521.5226663592,0.000723863218584404,2018-08-04
216,887528.190742664,0.00032449161052143315,2018-08-05
217,1221141.7421909077,0.0006128414179416533,2018-08-06
218,1372541.1583596156,0.002511836493761075,2018-08-07
219,2058751.8699583712,0.005048773307022253,2018-08-08
220,1607235.7250570005,0.004581585330245399,2018-08-09
221,1819595.7488341657,0.0026083676509293923,2018-08-10
222,1656558.3284378154,0.0006701503488890193,2018-08-11
223,1009420.4502907826,0.00044453084837001053,2018-08-12
224,2489661.3252657554,0.0005114418931625786,2018-08-13
225,3136526.810819989,0.000541516253597543,2018-08-14
226,2328488.805085554,0.0006882944075715431,2018-08-15
227,1540880.8446385183,0.0004312556807184722,2018-08-16
228,1860578.060842844,0.003341633462242278,2018-08-17
229,1111406.2305872282,0.0006449357479270008,2018-08-18
230,785272.3145962224,0.0005519886995778651,2018-08-19
231,1453448.9228267262,0.00046818372612984164,2018-08-20
232,1467232.4942632015,0.000500051319099477,2018-08-21
233,1735422.5838519034,0.0013927556872103703,2018-08-22
234,1463916.7905130342,0.0009173122932909035,2018-08-23
235,1423857.8037915486,0.002071271948389208,2018-08-24
236,1077313.105184307,0.0003946909790273804,2018-08-25
237,980030.6700909515,0.0020399531977905007,2018-08-26
238,1612675.0572393946,0.0004518247493118593,2018-08-27
239,1449743.5315573208,0.0004071815054157253,2018-08-28
240,1561166.9607487964,0.0008721972157484802,2018-08-29
241,1426028.979730369,0.0005184908628065944,2018-08-30
242,1500925.0687943336,0.00045360348434926833,2018-08-31
243,1142641.1211013827,0.0003336312080147368,2018-09-01
244,912104.0429009903,0.000341698920384447,2018-09-02
245,1790236.9616663558,0.0003502580089993923,2018-09-03
246,2918734.241674639,0.00061126086480377,2018-09-04
247,2463406.581098537,0.00035046582041231843,2018-09-05
248,3020667.830882863,0.0005621107266614227,2018-09-06
249,2559647.8010442955,0.0005927573568882715,2018-09-07
250,2110334.2386268447,0.0005041693479168318,2018-09-08
251,2172238.809608494,0.0005179680914503338,2018-09-09
252,2460886.5855941256,0.0004883315862546894,2018-09-10
253,2484099.0875639417,0.0005934810065262845,2018-09-11
254,3772395.436258252,0.0005626719402545221,2018-09-12
255,2339540.5507187736,0.0006288512065137863,2018-09-13
256,2134112.8961111316,0.00039624774784881723,2018-09-14
257,1437221.6566816128,0.0004862571450192846,2018-09-15
258,1217107.381757708,0.0004277597751864504,2018-09-16
259,1943796.8555702693,0.0003966955355723016,2018-09-17
260,1815890.467576909,0.0008814060288963553,2018-09-18
261,1548309.4081131127,0.0006456084990622827,2018-09-19
262,1887881.1194448897,0.0005447858570460045,2018-09-20
263,2910686.3519293,0.0006277433082805895,2018-09-21
264,1568153.9824103627,0.00043000696461685035,2018-09-22
265,1381864.871283803,0.00040446641703770767,2018-09-23
266,1883629.0385116606,0.0011238941735725984,2018-09-24
267,1878313.5546305897,0.0005467308534182924,2018-09-25
268,1841325.4157602165,0.00046838870522713654,2018-09-26
269,1662875.5207913835,0.0004766412332336541,2018-09-27
270,1688099.9997707775,0.0005058215525567566,2018-09-28
271,1425933.3054453651,0.0006386312985879682,2018-09-29
272,1349440.8874532047,0.00047947614196946624,2018-09-30
273,1250586.5322712993,0.0005747761085082447,2018-10-01
274,1094088.8552488575,0.0006525178567304582,2018-10-02
275,1598390.925110134,0.000455559062106323,2018-10-03
276,1596886.1256598372,0.0004097579117941108,2018-10-04
277,1478498.764330548,0.000393899803327414,2018-10-05
278,1061077.9269823977,0.0002609304581905216,2018-10-06
279,973958.6709759957,0.0003712782197178079,2018-10-07
280,1625678.4175759018,0.00041279779885054806,2018-10-08
281,1419623.2095084167,0.00039478390637258474,2018-10-09
282,1484197.6644628565,0.000541085821233738,2018-10-10
283,3085185.6882424676,0.0005042187164361849,2018-10-11
284,2016377.3625460472,0.0011246260167494186,2018-10-12
285,1191358.0269037513,0.0004118017490611814,2018-10-13
286,1153127.2152265995,0.00040446858884488404,2018-10-14
287,3346774.8304857025,0.0004529618275543142,2018-10-15
288,2242139.861764106,0.00040445446996298167,2018-10-16
289,1916272.6685419276,0.00043012383858473185,2018-10-17
290,2347733.466320049,0.0003759361719563279,2018-10-18
291,1670200.8469735787,0.0004365379623735723,2018-10-19
292,1434573.5856264355,0.000446412427333574,2018-10-20
293,1962448.1066555206,0.00041027911049673616,2018-10-21
294,1592193.6762676279,0.0004075275534430908,2018-10-22
295,1709878.6801235364,0.0004396583880187232,2018-10-23
296,1638427.7713497484,0.0004669686236209136,2018-10-24
297,2207403.866321713,0.0005343526614901749,2018-10-25
298,1724670.4545282621,0.00051304496519928,2018-10-26
299,993952.36583617,0.0004449795567076496,2018-10-27
300,1013632.3098172025,0.00040325580608554086,2018-10-28
301,1982524.3746938687,0.00041944415432036106,2018-10-29
302,1665965.8230839532,0.00043787465797570164,2018-10-30
303,1742099.0552253316,0.0004183244134501089,2018-10-31
304,1619089.709675344,0.0004354194403013875,2018-11-01
305,1882151.6303870424,0.00045054908675274796,2018-11-02
306,1092229.4663072636,0.0005184913080216818,2018-11-03
307,1522538.621953025,0.000397248400371308,2018-11-04
308,2354912.4982257592,0.00050896199660359,2018-11-05
309,1863394.4868097382,0.0005332863425346003,2018-11-06
310,2126640.613361501,0.0005053672941566121,2018-11-07
311,1722831.1685694535,0.0005436048645773725,2018-11-08
312,1655027.0546544155,0.0004328757412318198,2018-11-09
313,1106363.53923448,0.0003497120379026021,2018-11-10
314,1118458.1802603726,0.0003169869500311119,2018-11-11
315,1863768.1972427752,0.0003831067905797831,2018-11-12
316,1700654.1272287979,0.000384170283754649,2018-11-13
317,2979440.807494008,0.0004525787005195607,2018-11-14
318,3155809.601810913,0.00047567600936838965,2018-11-15
319,2233943.0111454427,0.0004260560899085832,2018-11-16
320,1394074.1806866385,0.00035399829043466135,2018-11-17
321,1895516.659081532,0.00042174701464033765,2018-11-18
322,4822871.115312276,0.00042088610403703103,2018-11-19
323,5629747.928127311,0.0004708613547559968,2018-11-20
324,3815790.5428748527,0.0004388635155220192,2018-11-21
325,2620268.6373152314,0.00039776125746944084,2018-11-22
326,3035150.6201556334,0.0004261020441916865,2018-11-23
327,2258025.815683809,0.0004456180177971554,2018-11-24
328,3950108.5562322596,0.00043177444303100186,2018-11-25
329,3414750.4218573533,0.00042868366175750244,2018-11-26
330,2841258.948888163,0.00039905942551371996,2018-11-27
331,3358433.2449343414,0.00047256146023353274,2018-11-28
332,3619016.4228676613,0.0005274496833821573,2018-11-29
333,17336105.922182713,0.000821217498143979,2018-11-30
334,15481581.906791605,0.0005332119753525358,2018-12-01
335,1410779.4528113513,0.0004730955797055535,2018-12-02
336,2273182.6307851183,0.0005204920799998811,2018-12-03
337,2261378.2933337786,0.0005219890096348494,2018-12-04
338,2878127.043555038,0.0005464641796613111,2018-12-05
339,3807164.975998993,0.0004917159653908974,2018-12-06
340,4886997.455896216,0.0004810520921776103,2018-12-07
341,2693389.8926526317,0.0003799208283456805,2018-12-08
342,2360042.8639413957,0.000378439768327215,2018-12-09
343,2494300.505801706,0.0004442820786216311,2018-12-10
344,2563058.0951545443,0.00045720218577373676,2018-12-11
345,2328818.9804105177,0.0004771243437842695,2018-12-12
346,2988486.1092300117,0.0005578462789217157,2018-12-13
347,2698912.8063581,0.0009368640739879212,2018-12-14
348,1822043.999532015,0.00043315293563154323,2018-12-15
349,1772785.6890888333,0.00041468768043735675,2018-12-16
350,3451065.910011914,0.00048814631491976557,2018-12-17
351,3221973.347325109,0.00126896313428763,2018-12-18
352,4340374.689300901,0.0004569192103556879,2018-12-19
353,4379656.137019297,0.0004608289898577423,2018-12-20
354,4478637.085384696,0.0004593790821355859,2018-12-21
355,2104760.4334455794,0.00040512094261204004,2018-12-22
356,2962613.009131105,0.00039530108813209643,2018-12-23
357,3919667.807309516,0.0004831597195310385,2018-12-24
358,2415073.351668765,0.0005595020610737724,2018-12-25
359,2141078.3878427395,0.0008902391209774725,2018-12-26
360,2828756.738378002,0.0003903018806288533,2018-12-27
361,2981190.1118803695,0.00038669896805218614,2018-12-28
362,3777652.9538322045,0.0003590268513655765,2018-12-29
363,1622768.9062314308,0.0013413894331203218,2018-12-30
364,2097090.874611441,0.00039509078864804993,2018-12-31
365,1663008.6309786986,0.00048273272890636266,2019-01-01
366,2741692.0884339083,0.00040901942141051916,2019-01-02
367,2495876.1266208924,0.00038635239013637065,2019-01-03
368,3821786.07747495,0.0004373292263907989,2019-01-04
369,4173538.6987940622,0.0004172370174099208,2019-01-05
370,2404336.1305419686,0.0004036677313469265,2019-01-06
371,2624641.097964965,0.00038701233125837316,2019-01-07
372,2341499.4899161705,0.0004003408469294284,2019-01-08
373,2193457.1780638117,0.0003822320960635022,2019-01-09
374,3152249.338718089,0.0004480211974451796,2019-01-10
375,3883985.728651765,0.0004105347116191241,2019-01-11
376,1485316.1981420736,0.00035982399371418727,2019-01-12
377,1773086.7728591405,0.00038416363982940417,2019-01-13
378,3457587.5066018477,0.0008240702772794911,2019-01-14
379,2383354.456126319,0.0005486876791790416,2019-01-15
380,2648041.0763777196,0.0007485097810576027,2019-01-16
381,2156824.2885552044,0.00042917049050477226,2019-01-17
382,1767159.1837801784,0.0004466885424105054,2019-01-18
383,1458261.0499950545,0.000516435754871896,2019-01-19
384,1719460.6130691997,0.000393404899437887,2019-01-20
385,1834048.660765177,0.0004580280545424797,2019-01-21
386,1836071.6183309138,0.0007474212654557257,2019-01-22
387,1974562.1545798907,0.0004004462820091594,2019-01-23
388,2375642.7125613405,0.00044335598714330507,2019-01-24
389,1964057.004480493,0.0004133520955809105,2019-01-25
390,1287581.1003507003,0.0003682643161518864,2019-01-26
391,1864970.89008751,0.0003555632495921006,2019-01-27
392,3217573.262757384,0.0004370374593247836,2019-01-28
393,2281214.419837724,0.0003687075242122798,2019-01-29
394,2367772.8422238943,0.0004083708060314699,2019-01-30
395,2353614.9990500794,0.00042585472679155346,2019-01-31
396,1953642.0374842258,0.00046172583344524106,2019-02-01
397,1216172.635340904,0.0003937409830562868,2019-02-02
398,1297860.7040776536,0.00036388960432796235,2019-02-03
399,992220.473830127,0.00036993679787816075,2019-02-04
400,986119.5466827778,0.0004253533471802218,2019-02-05
401,1755273.443759929,0.00038318293941088543,2019-02-06
402,1445896.5369569226,0.00046245265005318573,2019-02-07
403,2150613.1056255307,0.00041467496861879175,2019-02-08
404,1146922.0260136442,0.00042005018141490707,2019-02-09
405,1447512.9538017449,0.0004106556573181188,2019-02-10
406,1909251.6861278538,0.00043095366083826733,2019-02-11
407,1538173.3631194402,0.0004370284511155692,2019-02-12
408,1796929.2651307497,0.00044166842057923484,2019-02-13
409,1666289.435723462,0.000726344742208305,2019-02-14
410,1586601.411228901,0.0005116502079360556,2019-02-15
411,1078756.5354760925,0.0004779030906003193,2019-02-16
412,1752403.652014573,0.0004801319126703464,2019-02-17
413,3002570.3638962815,0.0005236979542495417,2019-02-18
414,2764040.184938171,0.016420760209503588,2019-02-19
415,2220467.490776365,0.0004976451127924044,2019-02-20
416,2139959.9292612397,0.000499823270216297,2019-02-21
417,2109987.10353975,0.000481281786118824,2019-02-22
418,1530079.30014674,0.0004579701618533642,2019-02-23
419,2865943.3393330215,0.0005301510568937541,2019-02-24
420,3684235.8932707435,0.0005633236934403795,2019-02-25
421,1881715.1610816887,0.0005789146277461663,2019-02-26
422,2920489.7267279807,0.0005222106766432163,2019-02-27
423,2344784.660587188,0.0006002080141743526,2019-02-28
424,1854707.631966894,0.00041184524672095864,2019-03-01
425,1485317.2235116975,0.0003998452868521005,2019-03-02
426,1697357.8848767076,0.00041617320411034623,2019-03-03
427,2509138.35697347,0.00044272129553576706,2019-03-04
428,2330491.634080198,0.0004450594497936213,2019-03-05
429,2187662.1133055263,0.0004530909858488883,2019-03-06
430,2122936.4490545182,0.0004494881654524381,2019-03-07
431,2406164.1084399736,0.00044420939525905995,2019-03-08
432,1822797.567244462,0.000397266521740969,2019-03-09
433,1718829.707965756,0.0004119004480965401,2019-03-10
434,2468746.5322393295,0.000441931578889836,2019-03-11
435,2363895.784727183,0.0004108488512590975,2019-03-12
436,2061711.19885101,0.00040216826996995335,2019-03-13
437,2282259.2004169216,0.0003730401910618879,2019-03-14
438,2185804.120412691,0.0003740796647233573,2019-03-15
439,1923937.6366779045,0.00038182348585048944,2019-03-16
440,1748631.603862578,0.0005569635420486464,2019-03-17
441,2588744.175174616,0.00853017697240256,2019-03-18
442,1897725.656701678,0.0004448977007940355,2019-03-19
443,2883903.7973409025,0.0004352931161429172,2019-03-20
444,2482419.852894596,0.0006283193278370869,2019-03-21
445,2074158.4024595225,0.00047163575455963464,2019-03-22
446,2560722.764750214,0.0004415101592155294,2019-03-23
447,1773236.5440010116,0.0004351065182082199,2019-03-24
448,2854635.151053468,0.00044461454189741666,2019-03-25
449,2544803.475252973,0.0004987122245849274,2019-03-26
450,2294762.4434189918,0.0005577419876868208,2019-03-27
451,2329108.6285340698,0.00047146637702233835,2019-03-28
452,2580762.573331591,0.0005812989807241205,2019-03-29
453,2518819.649818398,0.00044812537373304707,2019-03-30
454,2143627.929857278,0.00043518994318349766,2019-03-31
455,2442700.528010928,0.0004387759264024065,2019-04-01
456,4101162.9722654945,0.00045871822743107717,2019-04-02
457,4156186.4813430244,0.0005112776471944828,2019-04-03
458,2903378.4595373175,0.00048209942818863255,2019-04-04
459,2689652.40213554,0.0003930080256482302,2019-04-05
460,1866839.7868600783,0.0003804514154341343,2019-04-06
461,2403248.7488033036,0.0003940957231652175,2019-04-07
462,3791235.00597955,0.0004451641096569175,2019-04-08
463,3350141.528056247,0.00040626922904519536,2019-04-09
464,2845016.5708612683,0.0005403445610649763,2019-04-10
465,2939592.43718522,0.00040232592559610343,2019-04-11
466,2513702.819949958,0.00039349500550240143,2019-04-12
467,1548673.0544558265,0.0003728864149386094,2019-04-13
468,1729231.5458995176,0.000350755656479666,2019-04-14
469,2551621.19242812,0.0003441576803414207,2019-04-15
470,2216358.2955594882,0.00038044459459994054,2019-04-16
471,2226678.132738199,0.0004013758352843972,2019-04-17
472,2631097.309342735,0.00042564897167627567,2019-04-18
473,2304901.0827661003,0.0003535639822075149,2019-04-19
474,1876202.8264033846,0.00028819705082887157,2019-04-20
475,2005420.6549801654,0.00030451048043840013,2019-04-21
476,2403650.3296654723,0.0003422651985833134,2019-04-22
477,2743571.0675980486,0.00037545718607584467,2019-04-23
478,3474017.9948909986,0.0003901430207023793,2019-04-24
479,3154835.162597389,0.0003373182545472589,2019-04-25
480,4522744.433673975,0.0004258977824468135,2019-04-26
481,1913234.964068522,0.00035004863462371577,2019-04-27
482,2329010.2432106,0.00034430215924248324,2019-04-28
483,3077766.1844217107,0.0003476220068567497,2019-04-29
484,2962548.809721727,0.00036970217692630923,2019-04-30
485,2615886.679344649,0.0003255701207037785,2019-05-01
486,2100680.863233115,0.0017382408498057306,2019-05-02
487,2526933.098994151,0.00037073302187387087,2019-05-03
488,1981858.5175436218,0.00035268096515621153,2019-05-04
489,1861505.9810039864,0.00034481417530354374,2019-05-05
490,2995312.8689683797,0.00036593763440886923,2019-05-06
491,3382862.618215496,0.00038085959385771316,2019-05-07
492,3126573.0682296334,0.0003660344181165497,2019-05-08
493,2830078.280560747,0.0003278869860776855,2019-05-09
494,2851505.979058334,0.0003352105636588394,2019-05-10
495,4494546.622998969,0.00031720089123288574,2019-05-11
496,2859391.4061575206,0.0003070483003154651,2019-05-12
497,3829161.680134704,0.00038706241731157487,2019-05-13
498,3487397.587519618,0.000350189527866879,2019-05-14
499,4363351.331140282,0.00040802222615225184,2019-05-15
500,7022734.826369713,0.0005376118576695114,2019-05-16
501,4602147.535753444,0.0004869066094171257,2019-05-17
502,2279299.7931986847,0.00040780416583428744,2019-05-18
503,2380898.1716340906,0.0003653433827481556,2019-05-19
504,3151750.694595385,0.0004062145770158392,2019-05-20
505,2834930.5382874883,0.00033887069787569626,2019-05-21
506,2866230.08514794,0.00042263760817352875,2019-05-22
507,3079755.1830642447,0.00038488300276506593,2019-05-23
508,2479094.4427982634,0.0003921908411235023,2019-05-24
509,1859754.97502238,0.00033987296380190733,2019-05-25
510,2432828.3424912686,0.0003198708267030227,2019-05-26
511,3198832.99468856,0.0004453641055111398,2019-05-27
512,2556471.675363112,0.0003931057535189831,2019-05-28
513,3758124.645651033,0.00040273584315209923,2019-05-29
514,3647095.492075371,0.00048290429388414525,2019-05-30
515,3457103.452865237,0.0004939913622542385,2019-05-31
516,1863635.106111554,0.0004436160932317422,2019-06-01
517,1585976.7707641164,0.0002923601494101668,2019-06-02
518,2874119.3619347927,0.0003452477104418149,2019-06-03
519,3280047.687465175,0.0003842989806145898,2019-06-04
520,3421032.659362692,0.00043936353172451567,2019-06-05
521,2036131.2347463858,0.00037485106887393715,2019-06-06
522,2041021.4741753929,0.0003620729689593337,2019-06-07
523,1263633.6427320961,0.00047186111764987944,2019-06-08
524,1802595.8962389121,0.00030060711657910145,2019-06-09
525,2490976.873446794,0.0005032663972563432,2019-06-10
526,2195947.8813606175,0.0003468199151100979,2019-06-11
527,2444993.648995979,0.0002507936949171947,2019-06-12
528,2722365.2386806193,0.0003577870166923933,2019-06-13
529,2721889.7177710817,0.0003594565656753092,2019-06-14
530,2479319.181005517,0.0003890640358028443,2019-06-15
531,2300910.3369301134,0.0002683670347694036,2019-06-16
532,2340317.9052848537,0.00042692930464361767,2019-06-17
533,2863624.276323097,0.00040339515288153265,2019-06-18
534,2993138.983729263,0.00038751381578726866,2019-06-19
535,2339758.521008962,0.0004672150256410859,2019-06-20
536,3023948.365220108,0.00033286154657367016,2019-06-21
537,2814915.047831439,0.0003489612948789645,2019-06-22
538,2137418.351444934,0.00033557670395079785,2019-06-23
539,2521781.8933873666,0.00038514714735080334,2019-06-24
540,2875415.7733517103,0.0004699767111685923,2019-06-25
541,3718839.855702917,0.00047950979141279346,2019-06-26
542,3655119.9429765944,0.0005731202028984868,2019-06-27
543,2687500.634188294,0.00045754360444319177,2019-06-28
544,2562684.860075843,0.00042072065264495243,2019-06-29
545,1963987.1992009815,0.0004361986457469811,2019-06-30
546,2442539.060287614,0.000501754768244553,2019-07-01
547,2304761.327619739,0.0004143814530922053,2019-07-02
548,2063766.9127475326,0.0004019371847657295,2019-07-03
549,1741811.3010577557,0.0003488225988377916,2019-07-04
550,1630853.537065318,0.0003923833357006113,2019-07-05
551,1142832.7528792517,0.00035659166459643015,2019-07-06
552,1430862.8274529884,0.00030119239500926205,2019-07-07
553,1771678.4962451148,0.00036811419637212495,2019-07-08
554,4252155.801171787,0.0003419856079394118,2019-07-09
555,2477672.5732276733,0.0003226409407827979,2019-07-10
556,3719547.8813993754,0.00046860938457156143,2019-07-11
557,1853217.0854255208,0.0004553107606592899,2019-07-12
558,1033609.5037932646,0.00036088980574839615,2019-07-13
559,2195953.358026446,0.00039447030782072075,2019-07-14
560,3035771.4337560534,0.0004271413310674505,2019-07-15
561,2544972.349088809,0.0006291872219983349,2019-07-16
562,2780133.3165441365,0.0005441923332600501,2019-07-17
563,2392696.7925674343,0.0003761594267128152,2019-07-18
564,1976275.6041538676,0.0004751168824153406,2019-07-19
565,1377413.4086680247,0.00034081822718515453,2019-07-20
566,1108227.0952051207,0.00033964331956562655,2019-07-21
567,1641721.22405915,0.00032894585218391916,2019-07-22
568,1564392.8156948292,0.00036710380597789854,2019-07-23
569,1562278.6162112583,0.0005024117777620873,2019-07-24
570,1650833.4658044705,0.0004859002810699307,2019-07-25
571,2544670.784576471,0.0003847106457280993,2019-07-26
572,1150365.0954010487,0.00035943042599395023,2019-07-27
573,975064.5314231005,0.00030702162026963035,2019-07-28
574,1711702.7771833364,0.0003707216342153552,2019-07-29
575,1716651.9025641368,0.0003997455564542186,2019-07-30
576,1673623.1860119775,0.0004166953377354098,2019-07-31
577,2909963.1175813028,0.0005506141028791287,2019-08-01
578,1914727.162277952,0.00040535979494677474,2019-08-02
579,1254866.2928819472,0.000469003409819981,2019-08-03
580,968281.3741419136,0.0003254787051121321,2019-08-04
581,2824779.029572674,0.00033586921298122286,2019-08-05
582,2271186.758375776,0.0003590778327497489,2019-08-06
583,1775317.0343159423,0.0003495372136759534,2019-08-07
584,2153530.260981972,0.0003740585463919335,2019-08-08
585,1864858.3225587013,0.00036519486074201813,2019-08-09
586,1368314.977905832,0.00032907145767175895,2019-08-10
587,1185616.7708312722,0.00029645227082629325,2019-08-11
588,1514058.7610012763,0.0003280116428023733,2019-08-12
589,1646347.2395597696,0.0006895121155307164,2019-08-13
590,2268637.0386121375,0.0003507565267350969,2019-08-14
591,2606083.5182840084,0.00041816696258627,2019-08-15
592,2053560.390063815,0.0003430068679503099,2019-08-16
593,1226097.498559142,0.0003081355080808641,2019-08-17
594,1236748.1087333353,0.00032699527817363724,2019-08-18
595,1712166.8202382545,0.0004430469411155646,2019-08-19
596,2406079.2055794247,0.0004304618470929238,2019-08-20
597,1778508.7690449713,0.0005075352652878572,2019-08-21
598,1794485.08236603,0.00044886840762185624,2019-08-22
599,1804581.3428621504,0.0004217129775284843,2019-08-23
600,1254786.8987828162,0.00037633845014714226,2019-08-24
601,1220890.2649378716,0.0004089383640704035,2019-08-25
602,1864543.7043425117,0.0005062474829372654,2019-08-26
603,1603580.4028962057,0.000427618737353834,2019-08-27
604,1892616.178750295,0.0004277938061121507,2019-08-28
605,2018123.4529497132,0.0004331593227616157,2019-08-29
606,2025532.85480122,0.00041204318518649647,2019-08-30
607,2463412.791242016,0.00037938698784031536,2019-08-31
608,1214050.254311487,0.00048134497137555663,2019-09-01
609,1781830.6752902665,0.00046817444466790224,2019-09-02
610,2582842.6570870574,0.00041650050209765023,2019-09-03
611,1892694.8270015607,0.0004097165108666884,2019-09-04
612,1674709.1368821964,0.0005447315823005875,2019-09-05
613,1815222.2387025685,0.0005394375401348326,2019-09-06
614,1898126.6547627463,0.0005152390815003368,2019-09-07
615,1548967.019508486,0.0005269259342318067,2019-09-08
616,1933826.0451680354,0.0006076832656249648,2019-09-09
617,1480112.0480289876,0.0006475778964734783,2019-09-10
618,1858764.4493048606,0.0006218715085020014,2019-09-11
619,1551702.108787083,0.0006637158963296078,2019-09-12
620,1948667.2403449868,0.0007124036863727967,2019-09-13
621,1180386.062208453,0.0007573132225920951,2019-09-14
622,1316772.8559406272,0.0007201098369175031,2019-09-15
623,2329377.329091377,0.0006782065623160711,2019-09-16
624,2407165.905126056,0.0008391750758084245,2019-09-17
625,2610632.9426125395,0.0008342643979335247,2019-09-18
626,1942281.3175077552,0.0008896856633788892,2019-09-19
627,1864702.0496405454,0.0008714978278512207,2019-09-20
628,1048697.371999691,0.0007158980196415259,2019-09-21
629,1055296.230313367,0.0007170979048086165,2019-09-22
630,1782081.9663671583,0.0008391575571490834,2019-09-23
631,3314552.527730691,0.0008605923412774722,2019-09-24
632,2768572.771102016,0.0012000892740997033,2019-09-25
633,2747461.3144899607,0.0007892239690963429,2019-09-26
634,2173477.296858524,0.0007721923245158518,2019-09-27
635,1595169.9661655491,0.0007039711754091795,2019-09-28
636,1276521.2287358171,0.0007701794970848518,2019-09-29
637,2624328.984393066,0.0006430157868734798,2019-09-30
638,1695903.3095680226,0.0004116343874085741,2019-10-01
639,1241985.959222051,0.0003903170600693907,2019-10-02
640,1001404.2847014215,0.00045668938626740053,2019-10-03
641,1121297.4974389123,0.0004421412809773926,2019-10-04
642,859057.251630736,0.00040420353653407114,2019-10-05
643,957075.6122043311,0.00041930284239853166,2019-10-06
644,1413030.1132478148,0.00039424379910678905,2019-10-07
645,1642091.7184539074,0.00040827281537721686,2019-10-08
646,1845356.6984660744,0.0004757135817364502,2019-10-09
647,1452545.7399146599,0.00042025056175063434,2019-10-10
648,1469233.180634427,0.0004124826878506036,2019-10-11
649,1219766.0128646363,0.0003754979849952764,2019-10-12
650,813886.6525096644,0.0003700844929344337,2019-10-13
651,2080307.190246496,0.0003801979639940774,2019-10-14
652,1338321.3632436492,0.00037980648008689326,2019-10-15
653,1479231.5690531977,0.000384046777252912,2019-10-16
654,1199977.900976784,0.0003733534680316458,2019-10-17
655,1515250.399382543,0.00037095771209613005,2019-10-18
656,876932.5378255682,0.0003689656365464591,2019-10-19
657,1193566.5132904528,0.00043420208853067304,2019-10-20
658,1354930.5278851644,0.00040865755387569844,2019-10-21
659,1340951.333514047,0.0004379752995279862,2019-10-22
660,2547275.8842537566,0.000633445935435456,2019-10-23
661,2468191.003724003,0.00042323753816526607,2019-10-24
662,1974217.2060246703,0.00045603241501678297,2019-10-25
663,2312855.6081943503,0.0004478282870355653,2019-10-26
664,1211081.5488542875,0.000397933225451554,2019-10-27
665,3123147.045490057,0.00043634605144427554,2019-10-28
666,1977829.6951236,0.00043295585797810843,2019-10-29
667,1737024.196854737,0.0004248284058530218,2019-10-30
668,1712544.0295750054,0.0004327162835545988,2019-10-31
669,1398999.3106482497,0.0003891779844312065,2019-11-01
670,936118.2586294574,0.00038650335650020496,2019-11-02
671,1053564.4967437803,0.00037902160978055683,2019-11-03
672,1787952.4237883366,0.00040663777267280416,2019-11-04
673,2244395.2290638075,0.0003749069852133928,2019-11-05
674,1349647.0743572863,0.00038112508195613075,2019-11-06
675,1158868.36416582,0.000509077102247945,2019-11-07
676,1438254.2184713236,0.000372756522508556,2019-11-08
677,842670.9143929108,0.00037284487877545816,2019-11-09
678,801049.2418046455,0.0003585330643712408,2019-11-10
679,1237148.042270878,0.00037654289029957636,2019-11-11
680,1676079.135884939,0.0003928606090678355,2019-11-12
681,1295155.2479532624,0.0004089619671419844,2019-11-13
682,1127389.7258147874,0.000474824640608896,2019-11-14
683,1486952.1486590079,0.0003895075428784349,2019-11-15
684,848086.0300699219,0.0003464829729197407,2019-11-16
685,786730.5171889005,0.00035567342445819286,2019-11-17
686,1387377.4092115914,0.000920169520736938,2019-11-18
687,1453558.1188351864,0.0003831231250208413,2019-11-19
688,1325093.8787316375,0.0004050080204242342,2019-11-20
689,1920462.3757982512,0.0004991503688889685,2019-11-21
690,3348015.3285795692,0.0006793732474709599,2019-11-22
691,1232867.2389081148,0.00036683468909862025,2019-11-23
692,1053198.2393359789,0.00041630791444405876,2019-11-24
693,2898894.2572695417,0.00056291301771648,2019-11-25
694,1344516.5506744194,0.00046773691935719384,2019-11-26
695,2246104.855053116,0.00042446394612540283,2019-11-27
696,2053028.427992316,0.00041007118741934466,2019-11-28
697,1381890.790868036,0.00035807825896091685,2019-11-29
698,1305762.1580500759,0.00034705670910041396,2019-11-30
699,833153.9606005911,0.00046052495815566855,2019-12-01
700,1710219.1482364614,0.00040493067784981194,2019-12-02
701,1267637.8917653612,0.0003974942806413834,2019-12-03
702,1392485.0849867228,0.00040323306974402075,2019-12-04
703,1373198.4571977977,0.000363410143134201,2019-12-05
704,1408016.0070540388,0.0003546666031878661,2019-12-06
705,753111.9199884807,0.0003183486623075047,2019-12-07
706,554146.8189786215,0.0002520669782140909,2019-12-08
707,1141349.72231027,0.0002887868346620475,2019-12-09
708,1553897.1634786185,0.00032013130942604975,2019-12-10
709,889498.1308927283,0.0004994722126296812,2019-12-11
710,1179258.2356366052,0.0003801240662683934,2019-12-12
711,1091153.0162053017,0.00037734632497541764,2019-12-13
712,796394.853643762,0.00039196136276194773,2019-12-14
713,649297.7658835687,0.0004026457888522429,2019-12-15
714,1554782.2614391698,0.0004013347890658437,2019-12-16
715,2663373.3094884655,0.0004521433674295243,2019-12-17
716,3064677.9528555563,0.0005602931936871632,2019-12-18
717,3267441.905837336,0.0004016532904565157,2019-12-19
718,1354526.9714018328,0.00038510836992929954,2019-12-20
719,845500.9514564972,0.00036109476099949206,2019-12-21
720,806616.5730701814,0.0003663681004152765,2019-12-22
721,1808351.8668372054,0.0003967468854917553,2019-12-23
722,1210610.1465240142,0.00038777384334438787,2019-12-24
723,1456018.5075300687,0.00041691059036092816,2019-12-25
724,1162588.9901930182,0.0003682911592769982,2019-12-26
725,1257134.6607494748,0.0003449482798640387,2019-12-27
726,986389.8647375389,0.00032524114379888056,2019-12-28
727,1018138.5712748102,0.00032052095924482347,2019-12-29
728,1454101.611421015,0.00031253233027309736,2019-12-30
729,2072293.1388400267,0.0004400923663638099,2019-12-31
730,615945.1746181987,0.00032212393338585613,2020-01-01
731,1116111.0052661246,0.0003009838075835405,2020-01-02
732,1851024.1557025586,0.0003010837880111893,2020-01-03
733,1131728.901547958,0.0002471076098455231,2020-01-04
734,898623.7294843487,0.00026090276223787376,2020-01-05
735,1640589.919396371,0.0002986496407929493,2020-01-06
736,1401854.3008760868,0.0003156931040937942,2020-01-07
737,1935802.195980326,0.00032803725165119396,2020-01-08
738,1338017.2410162755,0.0003161309868603121,2020-01-09
739,1317911.0795866305,0.00035966257836258234,2020-01-10
740,1350201.8072525172,0.00033229470362521946,2020-01-11
741,993134.8476985986,0.0003344241468154401,2020-01-12
742,1431032.8478054872,0.0003232125299487297,2020-01-13
743,2592015.4735734058,0.000560619363036081,2020-01-14
744,2087704.2068133305,0.0003289651234713087,2020-01-15
745,1686739.4026581598,0.0002704479045762071,2020-01-16
746,1581878.3757352591,0.00033145047800964896,2020-01-17
747,1705275.700571157,0.00030864243495390295,2020-01-18
748,1180124.0706951846,0.0003003743697480476,2020-01-19
749,1057091.8551655547,0.00029671449207789303,2020-01-20
750,984609.7482206774,0.00028111032427997375,2020-01-21
751,921527.2900322782,0.0002878087645473466,2020-01-22
752,1113074.704317864,0.0002561276141430399,2020-01-23
753,1499031.5258171477,0.00030342388196567425,2020-01-24
754,449222.7329117621,0.00024610921730617257,2020-01-25
755,613717.0194797132,0.00026540043283180376,2020-01-26
756,1079732.376244876,0.0002767652777181748,2020-01-27
757,1188144.0609250683,0.00028399039545225956,2020-01-28
758,1263752.1793992077,0.0002816243760552077,2020-01-29
759,1357192.6442761638,0.00030412815683633176,2020-01-30
760,1912738.427143832,0.0003022393336065595,2020-01-31
761,1094187.1620929225,0.00030032355812382186,2020-02-01
762,1098241.6858809514,0.00027442602078055136,2020-02-02
763,1315653.0239570888,0.00027569238955001596,2020-02-03
764,1569184.1207087184,0.0003475849466488345,2020-02-04
765,1576955.641163998,0.0003352085992973691,2020-02-05
766,2313353.902792936,0.0003907929483636863,2020-02-06
767,2406058.0732049,0.00037159497347399737,2020-02-07
768,1291717.2888224781,0.000339965542159519,2020-02-08
769,1310580.8392595232,0.00030020754487079993,2020-02-09
770,1821774.168171071,0.00031442489784943764,2020-02-10
771,1435328.1082011065,0.0003039309648263916,2020-02-11
772,2762795.72860338,0.00035869550365329444,2020-02-12
773,2301908.566189802,0.0003939834254664737,2020-02-13
774,1906917.7851569143,0.0003744972917303352,2020-02-14
775,1880175.9009708874,0.00036909523730554143,2020-02-15
776,1672352.1540045678,0.0003748994401825383,2020-02-16
777,2666616.074957207,0.0003651649934169207,2020-02-17
778,2257510.6542405426,0.0003289262081939013,2020-02-18
779,1772044.3905531561,0.0003482057838163313,2020-02-19
780,2265546.375929154,0.00034751498160046475,2020-02-20
781,1706633.5565917452,0.00029153928597624627,2020-02-21
782,923837.9374278734,0.00030671563159578044,2020-02-22
783,1243176.2130694117,0.00038653114098422507,2020-02-23
784,1704871.7040026227,0.0003627658002998742,2020-02-24
785,1869801.5848014392,0.0003523316117779806,2020-02-25
786,2845247.8294440806,0.0004071283981679915,2020-02-26
787,2674979.9193124063,0.0003612167064011932,2020-02-27
788,1799090.7702096938,0.00034528785403485835,2020-02-28
789,1149899.600750493,0.00030313046477270755,2020-02-29
790,1652311.8073672792,0.0003384170251781412,2020-03-01
791,2519388.0200308654,0.0003170699754652975,2020-03-02
792,1758695.5946403425,0.0003427989090458727,2020-03-03
793,1486282.7627189753,0.0003384310435032427,2020-03-04
794,1733072.503105198,0.0003584930539400288,2020-03-05
795,1862173.223047532,0.000360330672308672,2020-03-06
796,1185232.1811272074,0.0003374275292845071,2020-03-07
797,1869233.6289381157,0.00041162296026666626,2020-03-08
798,3827401.9849207606,0.00045545794712295237,2020-03-09
799,2622809.342377407,0.0003963856617201031,2020-03-10
800,2442104.34840886,0.00042277759508427086,2020-03-11
801,9222032.851643369,0.0023566171133633843,2020-03-12
802,8175603.101948476,0.0022615519709292056,2020-03-13
803,3171747.6780717126,0.0004929638637113454,2020-03-14
804,3125722.2088813893,0.00041839435188689977,2020-03-15
805,6250756.8244377,0.00087868810569204,2020-03-16
806,3322504.3446946437,0.0005057031474631533,2020-03-17
807,2767126.858914397,0.0004495117389028514,2020-03-18
808,3811219.396075167,0.0005756394720689201,2020-03-19
809,3760887.739180214,0.0004916303850738662,2020-03-20
810,1685189.5320026695,0.00037675119143391563,2020-03-21
811,1733288.256635016,0.0003623337660125754,2020-03-22
812,2629250.2931710337,0.00041060957180515833,2020-03-23
813,4365082.033434115,0.00038552392011619697,2020-03-24
814,2310429.268961599,0.0003884378468949582,2020-03-25
815,2110298.145603845,0.00033522057335657517,2020-03-26
816,1713499.241399156,0.00033231794146177084,2020-03-27
817,1872736.1613406276,0.00034621785597384287,2020-03-28
818,1211018.2465689832,0.00031316055414227177,2020-03-29
819,1648135.1745278623,0.00034081221260195494,2020-03-30
820,2080070.4641057048,0.00039507909136204147,2020-03-31
821,1425230.6858903712,0.0003872421254289315,2020-04-01
822,2229788.420502021,0.0004240443416021029,2020-04-02
823,2202461.224311714,0.00040238282302887797,2020-04-03
824,1184794.0548961377,0.0003684280089337145,2020-04-04
825,962548.9602217193,0.00034798761401629415,2020-04-05
826,2698077.567890955,0.00045041207995014966,2020-04-06
827,2813136.0859035817,0.00043582877130967523,2020-04-07
828,1827081.3066193815,0.000353295615430993,2020-04-08
829,1526755.8707751734,0.00041497828331172394,2020-04-09
830,3086283.8538163365,0.00041870147209738956,2020-04-10
831,993770.9752207276,0.00040724476847947875,2020-04-11
832,1076219.963939306,0.0003221184127195297,2020-04-12
833,2106144.9037950104,0.00037796278509174403,2020-04-13
834,1365479.580509971,0.0003851595984786745,2020-04-14
835,1376860.9832935126,0.00037256160660800703,2020-04-15
836,2726362.222637525,0.00048482453568153176,2020-04-16
837,1678694.5654216635,0.00040055947019117786,2020-04-17
838,1727878.2612703694,0.00043005274159945036,2020-04-18
839,1435712.2932042412,0.00039627710060763507,2020-04-19
840,2547287.291166277,0.00045700172078303174,2020-04-20
841,2129461.004923693,0.0005079170521711271,2020-04-21
842,1966711.2503364969,0.0005049087570954285,2020-04-22
843,2160102.703353029,0.0004792385920178835,2020-04-23
844,3368040.257464335,0.0004787143515808858,2020-04-24
845,1454353.3755683308,0.00041394671290312726,2020-04-25
846,1359704.568039865,0.00044911879543683536,2020-04-26
847,2068679.9807043504,0.0004618361113049108,2020-04-27
848,1297950.681598982,0.0004326195904136855,2020-04-28
849,2662431.2923998437,0.0006547484765693574,2020-04-29
850,3122832.8999551074,0.0007969934148756628,2020-04-30
851,1454208.842085962,0.000512908517884539,2020-05-01
852,1210156.6992402035,0.00043464687398246546,2020-05-02
853,1248328.0899733922,0.00044658896792092905,2020-05-03
854,1677808.7443630162,0.0005564445417764177,2020-05-04
855,1609655.801073938,0.0005792113303509621,2020-05-05
856,2189316.3034669347,0.0006430287290125677,2020-05-06
857,2999031.6369304564,0.0007589199900425046,2020-05-07
858,2183994.1068161554,0.0007501470311107575,2020-05-08
859,1460323.117671189,0.0006219907256825594,2020-05-09
860,3232915.8528948934,0.001031836466817616,2020-05-10
861,2384783.279014575,0.0008310108422371033,2020-05-11
862,2412291.5960967196,0.0009362471879763712,2020-05-12
863,2488153.734395073,0.0013887901170357478,2020-05-13
864,2257181.6104283887,0.0018622297995841586,2020-05-14
865,1922180.019955457,0.001127232405908528,2020-05-15
866,1258705.13318213,0.0009984434661928466,2020-05-16
867,1340470.9063843247,0.0012139957854829712,2020-05-17
868,2098206.3483105362,0.0014182279762763668,2020-05-18
869,1579621.7149023178,0.0013479740198880518,2020-05-19
870,1660753.2573566027,0.0014852006790434338,2020-05-20
871,1999800.4163562753,0.002254385929804327,2020-05-21
872,1853060.9066135322,0.0014545762787216189,2020-05-22
873,1653608.271596105,0.0010237476811766988,2020-05-23
874,1230664.1239039702,0.0012625519137042546,2020-05-24
875,1524710.3920623362,0.0015541514975038224,2020-05-25
876,1881283.713419539,0.0016246237051200448,2020-05-26
877,1518783.7697428274,0.002089225885505012,2020-05-27
878,2100374.6349044754,0.0017466197062330985,2020-05-28
879,2584676.7947816984,0.0014840465563136962,2020-05-29
880,2433386.3011961225,0.0014444339619037547,2020-05-30
881,2169779.7352891224,0.0012148869953335513,2020-05-31
882,2089672.8740737191,0.0013636446723271276,2020-06-01
883,3730634.4827760304,0.0014417150341148415,2020-06-02
884,1507534.1985830683,0.0013081785545931487,2020-06-03
885,1576949.6150710098,0.001353932990519649,2020-06-04
886,1887890.7125566788,0.0013608001222204886,2020-06-05
887,905534.9119372255,0.0015016261674082084,2020-06-06
888,1130968.2205235926,0.001592625657769482,2020-06-07
889,1564253.7211954382,0.00160730329930669,2020-06-08
890,1639105.8599212412,0.0016617489519349358,2020-06-09
891,1852995.9475219469,0.03173218983490291,2020-06-10
892,2365454.458526872,0.03675265671725412,2020-06-11
893,1625061.0370008417,0.0016996379589187488,2020-06-12
894,839294.4716325745,0.0013225809183907173,2020-06-13
895,1005181.611089589,0.0011992398322472173,2020-06-14
896,2614433.7957313736,0.0018935926846235839,2020-06-15
897,1633196.4527844894,0.0019762274464590877,2020-06-16
898,1621610.2600535485,0.002084281785450093,2020-06-17
899,1827052.246153865,0.0018404981780333247,2020-06-18
900,1937963.6678762992,0.0019303276202236274,2020-06-19
901,1039775.6075097112,0.001528903775704793,2020-06-20
902,1509529.1187373581,0.0015374832095466316,2020-06-21
903,2497769.8996092477,0.0019625013216448208,2020-06-22
904,2374216.449450221,0.002198465632986599,2020-06-23
905,4172692.584695108,0.0024083416090598542,2020-06-24
906,5630969.251349772,0.0022854246929021912,2020-06-25
907,2795839.685119816,0.002059700196018802,2020-06-26
908,1816128.3454021954,0.002041857718831359,2020-06-27
909,1341409.3426526901,0.001954392472378511,2020-06-28
910,1555099.9368691358,0.0020052933807283256,2020-06-29
911,1989193.5181453468,0.002497543457489667,2020-06-30
912,1826827.834732834,0.0026153539143985885,2020-07-01
913,1804609.4970445973,0.0022945884976183772,2020-07-02
914,1796690.3343781654,0.0024082067374559643,2020-07-03
915,1193300.9791779893,0.0018855317277265595,2020-07-04
916,1011067.5093816747,0.001825945768061311,2020-07-05
917,2241020.1449384377,0.002136458760446777,2020-07-06
918,2263533.438786257,0.0021809866787283745,2020-07-07
919,3159049.248095257,0.002640649349552716,2020-07-08
920,2418137.163661485,0.0025558920410495524,2020-07-09
921,2448522.575904947,0.0020490341377646924,2020-07-10
922,1092715.230567194,0.0018136750330638635,2020-07-11
923,1229383.407334328,0.0016931084316804835,2020-07-12
924,2492486.780290385,0.0024865696678818506,2020-07-13
925,3177589.6352588637,0.002269706214509287,2020-07-14
926,1870309.2554812268,0.002977998119341437,2020-07-15
927,2191332.6318942388,0.0033677979802426024,2020-07-16
928,1873579.14025036,0.0033102542822021587,2020-07-17
929,1328639.5056406576,0.00289637539269415,2020-07-18
930,1614195.1391722553,0.0029404564499790815,2020-07-19
931,2214637.0954539175,0.0034080113560314355,2020-07-20
932,2334555.707571473,0.0037755303989902935,2020-07-21
933,2913939.236448348,0.0036569534268948837,2020-07-22
934,5089242.750561541,0.003935342375422586,2020-07-23
935,3042305.537675841,0.004036904497161339,2020-07-24
936,2829573.2243119413,0.004209683289129296,2020-07-25
937,3340972.078723272,0.003779093784335191,2020-07-26
938,4857647.488023386,0.00430770731107738,2020-07-27
939,3235841.926012095,0.0034741413782612206,2020-07-28
940,3029478.4584884546,0.004124114709757499,2020-07-29
941,3181053.487600198,0.0037134811392362647,2020-07-30
942,3334772.0678255786,0.003985956291534084,2020-07-31
943,3045970.212590575,0.0031559252652170362,2020-08-01
944,3274652.8855945696,0.003586967253508533,2020-08-02
945,3206680.0524047664,0.0031983186161730266,2020-08-03
946,3347868.42036485,0.002867391994081716,2020-08-04
947,2415653.829745763,0.00264274465603333,2020-08-05
948,2442973.6727746953,0.0028554361460979725,2020-08-06
949,2835660.439710082,0.0035151327657278863,2020-08-07
950,1610743.7914856772,0.0035105577044330554,2020-08-08
951,1838823.524968422,0.004039567625206823,2020-08-09
952,3222797.982649689,0.005665472730364573,2020-08-10
953,3016989.1927907052,0.006303208415381968,2020-08-11
954,4124717.4474591087,0.009699873159242343,2020-08-12
955,3882782.7167504076,0.010692607246776476,2020-08-13
956,4484779.94137796,0.008760009750271122,2020-08-14
957,2179891.737749957,0.005847347700202471,2020-08-15
958,2056392.011317845,0.005292091664405693,2020-08-16
959,2926318.620705993,0.005393184294032587,2020-08-17
960,2884588.850543476,0.00630305281371486,2020-08-18
961,2947039.2337951493,0.006251843236987108,2020-08-19
962,2980222.0344856754,0.005693424316488381,2020-08-20
963,3075141.9717441825,0.0071049361382573865,2020-08-21
964,2139387.7215872826,0.0053596688452468115,2020-08-22
965,1482161.6172729,0.004345665466470655,2020-08-23
966,2829945.8073210013,0.005104358991642558,2020-08-24
967,2760317.865060185,0.005143829300599781,2020-08-25
968,2796353.6221334473,0.004459765515110452,2020-08-26
969,2275952.067446471,0.0046718959650130665,2020-08-27
970,3391488.954204406,0.004600999630032516,2020-08-28
971,2674728.2885257592,0.005171868155521498,2020-08-29
972,3361194.607062626,0.010499095767687587,2020-08-30
973,5340755.785810379,0.011160087806517546,2020-08-31
974,6617859.605030769,0.019170529847077494,2020-09-01
975,6399304.956076125,0.02069843053407085,2020-09-02
976,6251646.63693113,0.01677532793673469,2020-09-03
977,6376172.069790165,0.010003113067869215,2020-09-04
978,6203865.44000933,0.011926509087975717,2020-09-05
979,5060523.078047971,0.006466920069807936,2020-09-06
980,4124906.62865296,0.005412038595608323,2020-09-07
981,3835324.267307327,0.004948571480612447,2020-09-08
982,4246685.718063194,0.005718353393743374,2020-09-09
983,5605125.126980434,0.00823909956366605,2020-09-10
984,4830492.062406017,0.007105722952536122,2020-09-11
985,4249966.67339968,0.0051981250856093855,2020-09-12
986,4212868.070569765,0.005952763735018165,2020-09-13
987,5342845.212288523,0.008836592882353268,2020-09-14
988,4302767.696643244,0.007918913593971982,2020-09-15
989,4695207.9545609355,0.006668215710900002,2020-09-16
990,5800356.512780109,0.01660045967999232,2020-09-17
991,6537696.36058219,0.012399899433638496,2020-09-18
992,3417224.6461785575,0.00798665546260489,2020-09-19
993,3408591.5887085064,0.005742642327557292,2020-09-20
994,4960435.145216247,0.006950741758174913,2020-09-21
995,3622771.2930503655,0.007135300352330496,2020-09-22
996,4275785.604716348,0.005563204766040153,2020-09-23
997,3502827.556184252,0.004563201995873749,2020-09-24
998,3012888.071979185,0.004532370655599173,2020-09-25
999,2281834.8740770803,0.004016946550713625,2020-09-26
1000,2524513.4781217203,0.004160669579152431,2020-09-27
1001,3161584.3841957673,0.005376824788581238,2020-09-28
1002,3477673.4751537275,0.006516496515602152,2020-09-29
1003,3678682.9443144603,0.005331678837739864,2020-09-30
1004,3735904.3251733,0.0043888323937359055,2020-10-01
1005,3284418.7659388124,0.004257723206649041,2020-10-02
1006,1793523.9029579028,0.003615262279340295,2020-10-03
1007,1667917.7966833473,0.00369391105835445,2020-10-04
1008,2463726.7693145904,0.004096491998979857,2020-10-05
1009,2523248.4372519893,0.005194869447244742,2020-10-06
1010,3404151.3966371133,0.003651330343415545,2020-10-07
1011,2898409.135780056,0.0035618007939334792,2020-10-08
1012,3197247.3084674403,0.0034623259201938365,2020-10-09
1013,2279463.2982940213,0.0027398772082526737,2020-10-10
1014,1877433.473350015,0.002297136125889195,2020-10-11
1015,2973625.7729280065,0.003362466236384832,2020-10-12
1016,2506578.7206396167,0.0034922748838995448,2020-10-13
1017,3399241.885796472,0.0035399542009528326,2020-10-14
1018,2421967.9841908184,0.0030572268941720733,2020-10-15
1019,2885533.2306657466,0.002626697596798674,2020-10-16
1020,1448976.1223232178,0.0015538395974107786,2020-10-17
1021,1380376.3922463139,0.0015789406122196782,2020-10-18
1022,2212220.4456728534,0.0024221821490692888,2020-10-19
1023,2271954.878722487,0.0027420721361909924,2020-10-20
1024,3705669.192353809,0.003383530478510333,2020-10-21
1025,3712772.426701501,0.0027666034359301274,2020-10-22
1026,2864895.4737523524,0.0029029450620171376,2020-10-23
1027,1779280.365028219,0.0014108654700887365,2020-10-24
1028,1386994.4463382205,0.0018294216109049507,2020-10-25
1029,3238331.9501355584,0.0023644154588622333,2020-10-26
1030,2703483.933559811,0.0019313285401319309,2020-10-27
1031,3389910.0830274145,0.0027496621594691353,2020-10-28
1032,2168819.555627781,0.003195995390855539,2020-10-29
1033,3203276.3227193593,0.0027434614266107554,2020-10-30
1034,1925750.4138733863,0.0018502427505202865,2020-10-31
1035,1497040.797739894,0.0015639973986413093,2020-11-01
1036,3281261.337458558,0.0026120830175448305,2020-11-02
1037,2867759.5124596036,0.0020447163509801484,2020-11-03
1038,3314048.4639577493,0.0014591508319649672,2020-11-04
1039,3907761.9316040734,0.0020627223546049846,2020-11-05
1040,4214160.035402027,0.0024539064707958767,2020-11-06
1041,3531558.1824211203,0.002197418735933527,2020-11-07
1042,1556043.6637767227,0.0013456834922165773,2020-11-08
1043,2721502.076056056,0.0017947088328009934,2020-11-09
1044,2535611.7915794956,0.002069039912590579,2020-11-10
1045,3048258.069148334,0.0021167484370287044,2020-11-11
1046,3892157.8098797943,0.002376283138115404,2020-11-12
1047,3159080.071127941,0.0022571768035221733,2020-11-13
1048,1848399.5627476892,0.001410812082452666,2020-11-14
1049,1633674.8815884439,0.0014937043211965195,2020-11-15
1050,2569178.161843651,0.0018733345575698045,2020-11-16
1051,4003257.116387564,0.0029657270666994247,2020-11-17
1052,4097159.019605706,0.0030652733299386145,2020-11-18
1053,2941276.843511638,0.001910845466598301,2020-11-19
1054,3553731.0044065537,0.0026462367510793902,2020-11-20
1055,4278861.579526621,0.00260112796436576,2020-11-21
1056,3414484.146563728,0.0025462014266212966,2020-11-22
1057,4435870.246734845,0.0029526544453182244,2020-11-23
1058,5028114.181695105,0.0034050854786269215,2020-11-24
1059,2882304.775401461,0.0022288085175972178,2020-11-25
1060,4938484.653634944,0.004678803026889815,2020-11-26
1061,3178879.2114120177,0.0017003119582669542,2020-11-27
1062,1683858.9638217113,0.0011992472525004043,2020-11-28
1063,1750715.3710527406,0.0009724136488902895,2020-11-29
1064,3253107.3493861165,0.002702392770711221,2020-11-30
1065,4035320.1170291444,0.0029777357795663035,2020-12-01
1066,2402660.0669928268,0.001721804825725598,2020-12-02
1067,2349782.5203214134,0.00175776014510759,2020-12-03
1068,2585675.0756069464,0.0019849214734274064,2020-12-04
1069,1774879.8668021143,0.0014931924274249168,2020-12-05
1070,1535323.1762351687,0.0016390354255794032,2020-12-06
1071,2704579.314193247,0.0019613884282280105,2020-12-07
1072,2501790.012717172,0.002453365638140715,2020-12-08
1073,3313514.3570450097,0.0025852123490702895,2020-12-09
1074,2962587.3557080943,0.0024100216733461666,2020-12-10
1075,2910095.767923565,0.0026330152407136043,2020-12-11
1076,1721818.4547064437,0.0017007369246618007,2020-12-12
1077,1637198.469338042,0.001761227394660425,2020-12-13
1078,2081160.6391466407,0.002268191400500221,2020-12-14
1079,2393836.368477891,0.0032777650554161116,2020-12-15
1080,3227075.258329404,0.002944756440194756,2020-12-16
1081,4808677.9480496505,0.004497941977143165,2020-12-17
1082,3011560.2497829255,0.0026056998346221123,2020-12-18
1083,2963155.4742805194,0.0027760304458432825,2020-12-19
1084,1743909.7130191107,0.0019370746410937807,2020-12-20
1085,3394212.945904518,0.003280415228312546,2020-12-21
1086,3019806.1965906853,0.002684235604509615,2020-12-22
1087,2787869.770919126,0.003796304868701268,2020-12-23
1088,2826465.3167432453,0.0031719897882746687,2020-12-24
1089,1737536.0959608573,0.0036750477683030634,2020-12-25
1090,1956575.2987260986,0.002687999946543701,2020-12-26
1091,3336877.072413754,0.003519678784316627,2020-12-27
1092,3547398.9065946816,0.003918188744190257,2020-12-28
1093,4090477.447438023,0.0033693035629197825,2020-12-29
1094,3626024.459352318,0.00386813641058846,2020-12-30
1095,3003049.306892079,0.003594111513638685,2020-12-31
